month,cpi_rent,rent_g12,rent_g3,mortgage,mortgage_chg12,fed_funds,cpi_infl,permits_g,target
2013-03,265.821,2.8046672261562655,0.652409332899162,3.565,-0.38900000000000023,0.14,1.5187472411246183,26.595744680851062,2.883519360772846
2013-04,265.984,2.7274623245610474,0.48507744616546056,3.445,-0.4650000000000003,0.15,1.138808047576867,28.64674868189807,3.051311357074127
2013-05,266.559,2.8268224093569216,0.49122357269959505,3.536,-0.262,0.11,1.3903888279197085,26.435304198800335,3.057859610817859
2013-06,266.905,2.890438577216492,0.40779321423061177,4.07,0.39500000000000046,0.09,1.7157935271568725,27.347114556416873,3.153181843727193
2013-07,267.482,2.8353715970735216,0.5631917709336021,4.37,0.8200000000000003,0.09,1.885471805415806,20.62320623206233,3.277229869673448
2013-08,268.505,3.00295001093307,0.7300447555700584,4.456,0.8540000000000005,0.08,1.538809488600279,16.91502215062424,3.1816912161784616
2013-09,269.137,2.9515608922006997,0.8362525992394509,4.49,0.9925000000000002,0.08,1.0947341081747997,13.211149293623524,3.2923752586972332
2013-10,269.96,2.7608704754726654,0.9264174785592827,4.192,0.8095000000000003,0.09,0.8767991434911471,13.360933383515249,3.3430878648688767
2013-11,270.698,2.7843487175592596,0.8167445671402707,4.255,0.903,0.08,1.2328701961954458,12.54572055596197,3.4817397985947407
2013-12,271.688,2.873933161175013,0.9478444063803826,4.4575,1.1124999999999994,0.09,1.5128383667573297,12.131147540983612,3.3810841848002315
2014-01,272.317,2.87759727993957,0.8730923099718568,4.432,1.0180000000000002,0.07,1.557758795574915,7.576840600428869,3.3986126462909105
2014-02,272.733,2.8187863799499446,0.7517602642058696,4.3025,0.77,0.07,1.1204746347724948,5.557497378538967,3.540458983694683
2014-03,273.486,2.883519360772846,0.661788522128326,4.3425,0.7775000000000003,0.08,1.6126949139408042,7.913165266106437,3.526323102462281
2014-04,274.1,3.051311357074127,0.6547516313707868,4.3375,0.8925000000000005,0.09,2.015125303606169,9.153005464480879,3.465158701203941
2014-05,274.71,3.057859610817859,0.7248847774196543,4.192,0.6560000000000001,0.09,2.166947687079812,7.590647238224335,3.470932983873909
2014-06,275.321,3.153181843727193,0.6709667039629164,4.1625,0.09249999999999936,0.1,2.0589816945944195,5.4447074737909995,3.526792362369746
2014-07,276.248,3.277229869673448,0.7836556001459272,4.13,-0.2400000000000002,0.09,1.9742378703305974,5.5064581917063204,3.5627407257247112
2014-08,277.048,3.1816912161784616,0.8510793200102063,4.115,-0.3410000000000002,0.09,1.7150983482969062,7.922838442990021,3.6167017989662265
2014-09,277.998,3.2923752586972332,0.9723195833227338,4.1625,-0.32750000000000057,0.09,1.6840509711232077,7.925801011804379,3.707940344894567
2014-10,278.985,3.3430878648688767,0.9907764038110667,4.036,-0.15600000000000058,0.09,1.6095417021513292,6.839309428950857,3.7432120006451797
2014-11,280.123,3.4817397985947407,1.109915971239639,3.9975,-0.25749999999999984,0.09,1.231524989320798,4.972375690607733,3.6409006043773617
2014-12,280.874,3.3810841848002315,1.0345398168332354,3.864,-0.5934999999999997,0.12,0.6531213919623191,4.775828460038989,3.6778057064733582
2015-01,281.572,3.3986126462909105,0.927289997670111,3.67,-0.7620000000000005,0.11,-0.22993097820542818,5.6478405315614655,3.704913840864865
2015-02,282.389,3.540458983694683,0.8089303627335287,3.71,-0.5925000000000002,0.11,-0.08703146293520536,7.5496688741721885,3.6786135437286704
2015-03,283.13,3.526323102462281,0.8032071320235978,3.77,-0.5725000000000002,0.11,-0.022031284423873476,5.386112913692398,3.6587433334510644
2015-04,283.598,3.465158701203941,0.719531771625026,3.672,-0.6655000000000002,0.12,-0.10403098939391064,5.287859824780972,3.729574961741622
2015-05,284.245,3.470932983873909,0.6572493971082505,3.84,-0.3520000000000003,0.12,0.03503321824429584,10.551181102362195,3.7963728473675795
2015-06,285.031,3.526792362369746,0.6714230212270023,3.9825,-0.17999999999999972,0.13,0.1795718097550525,22.41821680564464,3.8139711119141273
2015-07,286.09,3.5627407257247112,0.878708594559896,4.046,-0.08399999999999963,0.13,0.22568611104094582,22.132731958762886,3.765248697962198
2015-08,287.068,3.6167017989662265,0.9931573114742465,3.905,-0.2100000000000004,0.14,0.2413037985344868,17.586977338014687,3.7788955926818746
2015-09,288.306,3.707940344894567,1.1489978283063973,3.89,-0.2724999999999995,0.14,0.008842961634170088,7.781250000000006,3.696072922519833
2015-10,289.428,3.7432120006451797,1.1667657031004364,3.796,-0.23999999999999977,0.12,0.12761656067050708,7.799875699192049,3.7909255497049266
2015-11,290.322,3.6409006043773617,1.133529337996575,3.9425,-0.05500000000000016,0.12,0.4363182169185187,9.8452012383901,3.8801744270155147
2015-12,291.204,3.6778057064733582,1.0051819941312434,3.964,0.10000000000000009,0.24,0.6387247515364791,12.09302325581396,3.9597670361670945
2016-01,292.004,3.704913840864865,0.8900313722238318,3.8725,0.20250000000000012,0.34,1.2375025026943876,14.02515723270441,3.9256311557375856
2016-02,292.777,3.6786135437286704,0.8456128023367038,3.66,-0.04999999999999982,0.38,0.8472775790126619,9.421182266009854,3.905361418417441
2016-03,293.489,3.6587433334510644,0.7846732874548401,3.694,-0.07600000000000007,0.36,0.8916160965521946,6.557881773399021,3.877147014027793
2016-04,294.175,3.729574961741622,0.7434829659867637,3.605,-0.06700000000000017,0.37,1.1726257503534843,2.526002971768193,3.8419308234894034
2016-05,295.036,3.7963728473675795,0.7715770022918456,3.6,-0.23999999999999977,0.37,1.0784764621246223,-0.7692307692307665,3.8446155723369513
2016-06,295.902,3.8139711119141273,0.8221773218076267,3.568,-0.41449999999999987,0.38,1.0792865347959424,-6.392454807440395,3.856682279944046
2016-07,296.862,3.765248697962198,0.9134018866321147,3.44,-0.6060000000000003,0.39,0.8683633430518256,-4.748087575837512,3.8101878987542914
2016-08,297.916,3.7788955926818746,0.9761520627991072,3.435,-0.46999999999999975,0.4,1.0553158595656864,-2.0901194353963093,3.8812953987029886
2016-09,298.962,3.696072922519833,1.0341261633919352,3.46,-0.43000000000000016,0.4,1.5486446201652182,7.335459553493773,3.781751526949906
2016-10,300.4,3.7909255497049266,1.1917995566963713,3.47,-0.3259999999999996,0.4,1.685924966243646,8.330931104064575,3.695406125166434
2016-11,301.587,3.8801744270155147,1.2322265336537797,3.77,-0.17249999999999988,0.41,1.6843334719788938,6.736189402480264,3.674893148577363
2016-12,302.735,3.9597670361670945,1.2620333018912078,4.198,0.23400000000000043,0.54,2.0507989115119862,3.2365145228215875,3.6893652864716575
2017-01,303.467,3.9256311557375856,1.0209720372836184,4.15,0.2775000000000003,0.65,2.5103933482571117,4.274682846111411,3.7305538987764786
2017-02,304.211,3.905361418417441,0.8700640279587724,4.1675,0.5075000000000003,0.66,2.8103616813294208,6.499718626899265,3.637606792653769
2017-03,304.868,3.877147014027793,0.7045766099063488,4.196,0.5019999999999998,0.79,2.44119623655914,10.054897428488886,3.613039085768266
2017-04,305.477,3.8419308234894034,0.6623454939087337,4.045,0.43999999999999995,0.9,2.176223471915395,8.898550724637676,3.694549835175809
2017-05,306.379,3.8446155723369513,0.7126632501783359,4.01,0.4099999999999997,0.91,1.8563431667619756,7.120298593166807,3.6265540392781404
2017-06,307.314,3.856682279944046,0.8023144442840913,3.904,0.33599999999999985,1.04,1.640565809959127,6.689056815001404,3.5807024736913995
2017-07,308.173,3.8101878987542914,0.8825541693810113,3.9675,0.5274999999999999,1.15,1.7251073506566073,5.704790916643598,3.6271834326822905
2017-08,309.479,3.8812953987029886,1.01181869514555,3.88,0.44499999999999984,1.16,1.92812155729698,8.899362350984209,3.609937992561707
2017-09,310.268,3.781751526949906,0.9612318345405546,3.805,0.3450000000000002,1.15,2.1805652303711787,3.9438141545110827,3.6307321412456517
2017-10,311.501,3.695406125166434,1.0799129060624857,3.895,0.4249999999999998,1.15,2.020757753132485,5.055880787653,3.572059158718588
2017-11,312.67,3.674893148577363,1.0310877313161937,3.922,0.15200000000000014,1.16,2.172493864295566,3.7232637972009597,3.6133943134934565
2017-12,313.904,3.6893652864716575,1.1718901079067257,3.95,-0.24800000000000022,1.3,2.129930719552253,6.270096463022501,3.4759034609307404
2018-01,314.788,3.7305538987764786,1.0552133058963076,4.0325,-0.1175000000000006,1.41,2.151318868063945,3.86141232478181,3.433739532637836
2018-02,315.277,3.637606792653769,0.8337864201874101,4.33,0.16249999999999964,1.42,2.263468931091861,4.3328929986790055,3.5124668148961202
2018-03,315.883,3.613039085768266,0.6304475253580577,4.444,0.24800000000000022,1.51,2.3309497646499366,5.618272512470468,3.6817429238040544
2018-04,316.763,3.694549835175809,0.6274063814376563,4.4675,0.4225000000000003,1.69,2.4709963021052994,8.70375299441044,3.7614872949176537
2018-05,317.49,3.6265540392781404,0.7019224364606336,4.586,0.5760000000000005,1.7,2.781921607842497,9.916912355936747,3.7301962266528044
2018-06,318.318,3.5807024736913995,0.7708550317681029,4.57,0.6660000000000004,1.82,2.8075506935940187,6.532004197271779,3.873485005560484
2018-07,319.351,3.6271834326822905,0.8170146134491851,4.5275,0.56,1.91,2.854124785561929,5.239717055279014,3.837157234516253
2018-08,320.651,3.609937992561707,0.995621909351474,4.55,0.6699999999999999,1.91,2.6429238568742575,0.6109979633401208,3.7383323301658056
2018-09,321.533,3.6307321412456517,1.0099962930151696,4.6275,0.8225000000000002,1.95,2.332055105808828,1.897089397089391,3.825734839036743
2018-10,322.628,3.572059158718588,1.0261436475852648,4.83,0.935,2.19,2.492032470218053,-2.254305977710236,3.735571618086464
2018-11,323.968,3.6133943134934565,1.0344580244564971,4.866,0.9439999999999995,2.2,2.147328577667773,-0.050916496945008216,3.6580773409719436
2018-12,324.815,3.4759034609307404,1.020735041193288,4.6375,0.6875,2.27,2.0023809043401064,-0.9329299041855754,3.6864061080922994
2019-01,325.597,3.433739532637836,0.9202549065797205,4.464,0.43150000000000066,2.4,1.4875893578291333,-0.4074357015533492,3.755562858380146
2019-02,326.351,3.5124668148961202,0.7355664757012992,4.37,0.040000000000000036,2.4,1.5188615351321877,-2.329703722461385,3.75822350781827
2019-03,327.513,3.6817429238040544,0.8306266644089622,4.265,-0.17900000000000027,2.41,1.8831863513063984,-4.673129505344276,3.6658086854567618
2019-04,328.678,3.7614872949176537,0.946261789881353,4.1425,-0.3250000000000002,2.42,2.000583470209061,-4.431929480901076,3.4857824375224444
2019-05,329.333,3.7301962266528044,0.9137401141715573,4.072,-0.5140000000000002,2.39,1.7959105553606136,-3.3406486222872456,3.4852261996216383
2019-06,330.648,3.873485005560484,0.9572139121195367,3.8025,-0.7675000000000001,2.38,1.671194894390049,-2.2900763358778664,3.2197382110280337
2019-07,331.605,3.837157234516253,0.8905372431376568,3.765,-0.7624999999999997,2.4,1.826331335037068,0.1991535972118541,3.11967551755854
2019-08,332.638,3.7383323301658056,1.003543525853745,3.616,-0.9339999999999997,2.13,1.7376412106666406,5.263157894736836,2.947949422495344
2019-09,333.834,3.825734839036743,0.9635624591710856,3.605,-1.0225000000000004,2.04,1.6844977040391562,10.431012496812041,2.718716487835282
2019-10,334.68,3.735571618086464,0.9273080924594002,3.688,-1.142,1.83,1.7339736996186295,15.936771184244613,2.6697143540098
2019-11,335.819,3.6580773409719436,0.9562948310175123,3.695,-1.1709999999999998,1.55,2.092290394862917,15.308201732042793,2.44774714950613
2019-12,336.789,3.6864061080922994,0.8851704739481159,3.72,-0.9175,1.55,2.3195274699624457,14.558411809620765,2.276202607567357
2020-01,337.825,3.755562858380146,0.9397035974662238,3.624,-0.8400000000000003,1.55,2.599767976845202,14.369726412682171,2.052245985347434
2020-02,338.616,3.75822350781827,0.8328891456409471,3.465,-0.9050000000000002,1.58,2.3413166797595197,13.89681099299973,1.9567888109244702
2020-03,339.519,3.6658086854567618,0.8105965456116415,3.45,-0.8149999999999995,0.65,1.4940399642909163,12.020860495436757,1.825523755666092
2020-04,340.135,3.4857824375224444,0.6837859838673799,3.306,-0.8365,0.05,0.3130472940411133,-0.6661542403279541,1.8028135887221186
2020-05,340.811,3.4852261996216383,0.6482269000874119,3.2325,-0.8395000000000001,0.05,0.1982013035848551,-7.36629667003027,1.8206571970975194
2020-06,341.294,3.2197382110280337,0.52279842954297,3.1625,-0.6400000000000001,0.08,0.7166562831830481,-7.76209677419355,1.9159434387947094
2020-07,341.95,3.11967551755854,0.53361165419612,3.016,-0.7490000000000001,0.09,0.9968647625897997,2.60869565217392,1.9064190671150838
2020-08,342.444,2.947949422495344,0.4791512011055987,2.935,-0.681,0.1,1.2810698495523853,6.081730769230775,2.1218067771664684
2020-09,342.91,2.718716487835282,0.4734920625619088,2.89,-0.7149999999999999,0.09,1.3910228912373812,8.891454965357969,2.433583155930119
2020-10,343.615,2.6697143540098,0.48691329141687945,2.834,-0.8540000000000001,0.09,1.2303863428671624,6.884219937416192,2.6998239308528404
2020-11,344.039,2.44774714950613,0.4657695856840727,2.765,-0.9299999999999997,0.09,1.1757452138405844,9.388115749944781,3.0482009307084335
2020-12,344.455,2.276202607567357,0.4505555393543359,2.684,-1.036,0.09,1.3204191315779434,12.597200622083982,3.331639836843703
2021-01,344.758,2.052245985347434,0.33263972760211313,2.735,-0.8890000000000002,0.09,1.3553199782346148,18.712273641851105,3.764669710347568
2021-02,345.242,1.9567888109244702,0.349669659544416,2.81,-0.6549999999999998,0.08,1.667502410800381,21.056225813794672,4.166642529008624
2021-03,345.717,1.825523755666092,0.3663758691266006,3.0825,-0.36750000000000016,0.07,2.623645747764214,23.8826815642458,4.4446758475863435
2021-04,346.267,1.8028135887221186,0.4376983275224955,3.06,-0.246,0.07,4.137373453318349,33.81480526180036,4.818247190751657
2021-05,347.016,1.8206571970975194,0.5138424641266237,2.9625,-0.27,0.06,4.9264665639830785,41.067538126361654,5.215897826036819
2021-06,347.833,1.9159434387947094,0.6120613102624572,2.975,-0.1875,0.08,5.317418943207719,38.7431693989071,5.776910183910089
2021-07,348.469,1.9064190671150838,0.635925456367481,2.868,-0.14800000000000013,0.1,5.269167647240969,21.42857142857142,6.3073042365317855
2021-08,349.71,2.1218067771664684,0.7763330797427193,2.8425,-0.09250000000000025,0.09,5.181323173271246,14.389304328121465,6.740728031797794
2021-09,351.255,2.433583155930119,0.9838054468667368,2.9,0.009999999999999787,0.08,5.363523425270289,6.76564156945918,7.206730153307439
2021-10,352.892,2.6998239308528404,1.269266419681525,3.0675,0.23349999999999982,0.08,6.226591220771449,6.294437473860315,7.521848044160806
2021-11,354.526,3.0482009307084335,1.3771410597352096,3.0675,0.30249999999999977,0.08,6.865559520296194,3.2310177705977328,7.908023671042463
2021-12,355.931,3.331639836843703,1.3312266017565522,3.098,0.4139999999999997,0.08,7.159457345112474,6.373322809786908,8.349371085968915
2022-01,357.737,3.764669710347568,1.3729412964873289,3.445,0.71,0.08,7.578082463000535,5.536723163841817,8.56355367211108
2022-02,359.627,4.166642529008624,1.4388225405188804,3.7625,0.9525000000000001,0.08,7.949220898953979,7.1079353140278245,8.762968297708461
2022-03,361.083,4.4446758475863435,1.4474715604990918,4.172,1.0894999999999997,0.2,8.540780148538584,6.069146937241632,8.814316929902532
2022-04,362.951,4.818247190751657,1.4574953108009492,4.9825,1.9224999999999999,0.33,8.235161744022502,7.632999228989967,8.80201459701171
2022-05,365.116,5.215897826036819,1.5263036423850185,5.23,2.2675000000000005,0.77,8.530051713089225,4.845559845559855,8.65752254078156
2022-06,367.927,5.776910183910089,1.8954090887690622,5.522,2.547,1.21,8.999298141923106,4.371799921228825,8.334805545665303
2022-07,370.448,6.3073042365317855,2.0655680794377185,5.4125,2.5444999999999998,1.68,8.447778206754553,2.57228315054836,8.034056061849437
2022-08,373.283,6.740728031797794,2.2368233657248826,5.2225,2.3800000000000003,2.33,8.216255059541266,-1.0103011093502423,7.7592604002861165
2022-09,376.569,7.206730153307439,2.3488355026948238,6.112,3.212,2.56,8.205751582451759,-3.456495828367101,7.413780741378084
2022-10,379.436,7.521848044160806,2.4262514576944616,6.9,3.8325000000000005,3.08,7.757261470809462,-6.531575841038761,7.180921156664111
2022-11,382.562,7.908023671042463,2.485781565193168,6.805,3.7375,3.78,7.131380368978291,-10.11345852895149,6.868429169650936
2022-12,385.649,8.349371085968915,2.411244685568903,6.364,3.266,4.1,6.410831677385809,-18.28974216286403,6.4714286825585
2023-01,388.372,8.56355367211108,2.3550743735438973,6.2725,2.8275,4.33,6.340296309929161,-24.678800856531048,6.088749961377227
2023-02,391.141,8.762968297708461,2.2425123247996392,6.2575,2.495,4.57,5.957648712766894,-22.08567415730337,5.766207071107332
2023-03,392.91,8.814316929902532,1.8828001628423907,6.544,2.372,4.65,4.931348641757127,-20.141718334809568,5.677890611081415
2023-04,394.898,8.80201459701171,1.6803477078677131,6.3425,1.3600000000000003,4.83,4.946947488062325,-18.123209169054444,5.4414051223353965
2023-05,396.726,8.65752254078156,1.427873835777893,6.425,1.1949999999999994,5.06,4.125314539356473,-16.60835941815504,5.30492077655611
2023-06,398.593,8.334805545665303,1.446387213356748,6.714,1.1920000000000002,5.08,3.0592533347792994,-14.84905660377358,5.07459990516641
2023-07,400.21,8.034056061849437,1.345157483704651,6.84,1.4275000000000002,5.12,3.28032820234625,-11.33359253499222,5.089078233927191
2023-08,402.247,7.7592604002861165,1.391640578132014,7.072,1.8495,5.33,3.7186358677607556,-9.005403241945164,4.966102916864523
2023-09,404.487,7.413780741378084,1.478701331935084,7.2,1.088,5.33,3.6950823322234427,-4.938271604938271,4.779881677285047
2023-10,406.683,7.180921156664111,1.6174008645461146,7.62,0.7199999999999998,5.33,3.2465375076767167,-2.6310250473584484,4.597684191372631
2023-11,408.838,6.868429169650936,1.638545470817676,7.442,0.6370000000000005,5.33,3.139855644977696,-0.5875952121871642,4.356982472275073
2023-12,410.606,6.4714286825585,1.5127803860198075,6.815,0.4510000000000005,5.33,3.322200208829762,3.291713961407483,4.272952660214413
2024-01,412.019,6.088749961377227,1.312078449308185,6.6425,0.3700000000000001,5.33,3.1079425939238847,8.197109689646997,4.244221747055343
2024-02,413.695,5.766207071107332,1.1880011153561965,6.776,0.5184999999999995,5.33,3.16642120765831,4.574132492113558,4.087068975936381
2024-03,415.219,5.677890611081415,1.1234614204371107,6.82,0.2760000000000007,5.33,3.4690014354717524,1.9964507542147292,3.9928326979256745
2024-04,416.386,5.4414051223353965,1.0599025773083248,6.9925,0.6499999999999995,5.33,3.3540471111874304,-1.3123359580052507,3.9794805781174114
2024-05,417.772,5.30492077655611,0.9855086476752151,7.06,0.6349999999999998,5.33,3.238866396761142,-4.12894678737028,3.812127188993042
2024-06,418.82,5.07459990516641,0.8672531844641007,6.9175,0.20350000000000001,5.33,2.9700853998204435,-4.121426988699318,3.766295783391427
2024-07,420.577,5.089078233927191,1.0065179905184074,6.8475,0.007500000000000284,5.33,2.9384633061405374,-5.63472922604692,3.5456052042788677
2024-08,422.223,4.966102916864523,1.06541367061459,6.5,-0.5720000000000001,5.33,2.6109140322338353,-3.8266989223664005,3.4953093507459343
2024-09,423.821,4.779881677285047,1.194069051143698,6.18,-1.0200000000000005,5.13,2.432541464144644,-5.930735930735931,3.3955372669121964
2024-10,425.381,4.597684191372631,1.1422403032024908,6.428,-1.1920000000000002,4.83,2.5714034967967203,-6.22568093385214,
2024-11,426.651,4.356982472275073,1.0487349102251686,6.805,-0.6370000000000005,4.64,2.7141684004842848,-4.334500875656744,2.9588586455908894
2024-12,428.151,4.272952660214413,1.0216577281446648,6.715,-0.10000000000000053,4.48,2.872366268806581,-2.945054945054948,2.923267725638845
2025-01,429.506,4.244221747055343,0.9697189108117232,6.958,0.3155000000000001,4.33,2.999412512831112,-2.6056492226844807,2.8432664502940685
2025-02,430.603,4.087068975936381,0.9262840119910631,6.8425,0.06650000000000045,4.33,2.8142703731568686,-5.3221288515406195,2.6832140045470965
2025-03,431.798,3.9928326979256745,0.8518022847079587,6.65,-0.16999999999999993,4.33,2.4055852640280317,-4.414963027403218,2.5627724074682945
2025-04,432.956,3.9794805781174114,0.8032483830261006,6.725,-0.26750000000000007,4.33,2.3337465177498906,-3.435283687943258,2.788505067489533
2025-05,433.698,3.812127188993042,0.7187595070168973,6.816,-0.24399999999999977,4.33,2.3759340869898393,-1.036388760939655,2.9241545960553283
2025-06,434.594,3.766295783391427,0.6475250001158006,6.8175,-0.10000000000000053,4.33,2.6726833178446263,-2.7270626299976897,2.8419628434815047
2025-07,435.489,3.5456052042788677,0.5850479032511346,6.72,-0.1275000000000004,4.33,2.7318012794754543,-3.6013011152416396,2.864366264130669
2025-08,436.981,3.4953093507459343,0.7569783582124012,6.5875,0.08750000000000036,4.33,2.9392196249335534,-6.585867825291558,2.749776306063656
2025-09,438.212,3.3955372669121964,0.8325011389940906,6.3525,0.17250000000000032,4.22,2.9392196249335534,-6.585867825291558,
