state,lat,lon,density,median_income,mean_income,n_zips
AK,61.473689872744735,-149.22684612146574,86.93502828023608,93952.02964973371,115665.03891048521,237
AL,33.02167367857008,-86.75365740153326,316.0328342475039,63568.377850601544,82288.2369075701,637
AR,35.19701019079613,-92.7275147442626,173.47555747731585,58223.45671428571,77596.06059200273,586
AZ,33.3714114117655,-111.88396163852379,2257.1627822991472,78604.39713999351,98757.50867174318,405
CA,35.49348606649179,-119.38786255692469,4124.1919182029105,97793.73153852003,124231.49839311602,1756
CO,39.53783839094238,-105.1862723887583,1760.8863324906542,95877.21324717285,121288.52986572852,520
CT,41.49427204367171,-72.87954995039927,1545.1826840804513,102497.53370481108,127393.86516350714,280
DC,38.90957724976138,-77.01316895166933,11515.292411060522,114839.95042266393,160424.11569066992,45
DE,39.320122982130286,-75.54642282292917,902.3028429011665,80381.48188470463,100907.05223302967,67
FL,27.846050700032013,-81.65590781564518,2269.133934837953,74225.68918460181,98447.11462222741,981
GA,33.41611400807658,-83.89565830571385,931.1169367980183,77181.89438576988,97456.96099231878,730
HI,21.112271136008932,-157.4732088749719,1965.053088872957,100607.01945839312,130699.97490189603,94
IA,41.936318564029776,-93.04466637152508,192.02635072585727,73830.83517265931,93494.6231091628,933
ID,44.231451908297664,-115.25373006658924,272.21880184289216,76567.57693288513,96641.57148450174,277
IL,41.3117999830928,-88.36600042970882,2680.0646875109533,84532.55284650493,106005.00099980448,1381
IN,40.14183554156574,-86.24857327704164,542.1357923396241,70581.4497034539,87773.20409127303,774
KS,38.48202872977597,-96.39587004453747,463.3766770124155,71804.06274421158,89908.91364946618,696
KY,37.8404636804204,-85.25384130357091,232.4556421598629,64082.01639048992,81179.25185542494,759
LA,30.688621629115982,-91.4725341726484,533.228977738896,61168.17585994052,81124.11746055575,514
MA,42.27374822123501,-71.35065301967212,2207.538457407261,107030.19873595505,133535.39511614924,532
MD,39.13579864765002,-76.80340687786624,2402.6741190296575,106887.03822195344,132326.60602650122,465
ME,44.2721097372949,-69.76433957059857,174.2336636368689,74660.01504629629,94879.47652281502,425
MI,42.86212878133263,-84.22344223021098,1079.6249209336822,72500.0,91575.22553376637,979
MN,45.190485026835084,-93.56087228281534,767.7043878563703,88232.18374046539,112265.47235824869,875
MO,38.42978693493681,-92.2499798591335,594.6986469018905,68752.65644236334,88194.4894650953,1018
MS,32.56999221029298,-89.56008845401806,110.58315798901991,55606.96832871057,76390.1050549228,416
MT,46.75811536413269,-111.3679789808836,69.31301894484395,72514.45943699435,95895.47832849335,360
NC,35.53538284628124,-79.67297560683588,589.8811095354273,69227.86716796992,89159.74751791319,806
ND,47.326471008954506,-99.42409521347636,107.20365857877486,80015.57854744056,99118.7807852953,383
NE,41.16990308645313,-97.21593981081368,750.1036976722029,72596.17020812901,93742.68609714822,580
NH,43.15115463265429,-71.45787759970727,460.0702507674085,100876.40955783833,124834.0997811058,245
NJ,40.435936528766725,-74.42421365587042,3244.167898770081,105368.68000384726,131812.93647453783,593
NM,34.59156928111618,-106.3557478937972,240.96930366931676,61799.55524110637,85553.76365663331,365
NV,37.01188732120207,-116.19951670495861,4052.9625010130753,81649.66665407855,101583.30685514423,173
NY,,,6861.485424399625,85566.055105955,110613.61372554122,1785
OH,40.43460203793397,-82.79217478021823,1167.0511255754016,71628.36383845868,90162.40781469557,1190
OK,35.609136012507676,-96.85298489211272,285.89197531272174,61979.87714820949,82735.89404040568,648
OR,44.7472465014951,-122.5855316365867,666.3575715393756,83914.28175341072,104773.01191014255,417
PA,40.44329401287851,-76.95825697887031,1169.3097783163037,77074.89906912729,98915.68373041277,1780
RI,41.753646681814,-71.45386773221426,3131.0485518949395,90728.27117731515,109893.65324519729,77
SC,34.03123612738802,-81.00647323899238,498.1985609498939,69699.50730878187,91122.68810600636,420
SD,43.99486456328386,-98.94616988670862,81.54056911954271,74279.8341995842,94488.73342821423,371
TN,35.82438452730674,-86.30804431569656,522.8902181654004,68903.45482164224,89113.08289010478,627
TX,30.911665115500515,-97.32146856654546,2015.8476713225232,76738.02720420573,98879.90655928868,1924
UT,40.37582180656819,-111.94375983259832,1628.435375910247,95338.31253829444,115966.06675250459,288
VA,37.85280594318432,-77.75986115524147,1240.7414432128603,96061.17160276143,122969.64802871768,883
VT,44.108006152529086,-72.82231894306341,112.44119287358981,78807.15318627452,99561.804154455,253
WA,47.33341579545842,-121.62517471698571,1834.4415627024307,97229.70476460579,121878.17368416431,595
WI,43.72716456957196,-89.05027211232188,440.5284948478872,75787.92320898562,97044.38867976177,769
WV,38.8436656346573,-80.62570563971731,189.50346482583387,57700.73776949627,77771.58291883547,705
WY,42.73965972553286,-106.9349233099849,18.70172128896932,73192.57985556823,91931.87462478214,174
