series,t,actual,gbm_macro,gbm_no_macro,persistence,past_growth,n_train,arima,origin
US,576,3.433739532637836,3.686557132543995,3.7451704543522744,3.730553898776479,3.730553898776479,47,3.4164418153258547,2018-01
US,577,3.51246681489612,3.6968379133304374,3.8581501003845284,3.637606792653769,3.637606792653769,48,2.763551759138072,2018-02
US,578,3.6817429238040544,3.6933896057115327,3.782524636708689,3.613039085768266,3.613039085768266,49,2.733076172325455,2018-03
US,579,3.7614872949176537,3.67860686323214,3.8083835623421742,3.694549835175809,3.694549835175809,50,3.1147574055118143,2018-04
US,580,3.730196226652805,3.6549560847693,3.8203125763005894,3.626554039278141,3.626554039278141,51,3.041284150753687,2018-05
US,581,3.873485005560484,3.6601316448217753,3.7907759567171553,3.5807024736913995,3.5807024736913995,52,3.095373159408976,2018-06
US,582,3.837157234516253,3.6487485036879637,3.8050737159713437,3.6271834326822905,3.6271834326822905,53,3.380501995576446,2018-07
US,583,3.7383323301658056,3.669216257780518,3.8056656248100666,3.609937992561707,3.609937992561707,54,3.7875810204081706,2018-08
US,584,3.825734839036743,3.645873626517547,3.851867460223424,3.630732141245652,3.630732141245652,55,3.3876126112601046,2018-09
US,585,3.735571618086464,3.634146868212519,3.7783089854603986,3.572059158718588,3.572059158718588,56,3.46701199054702,2018-10
US,586,3.658077340971944,3.595235550163389,3.7146973184837053,3.613394313493457,3.613394313493457,57,3.8480542036865684,2018-11
US,587,3.6864061080922994,3.6164502825689993,3.6987957277109014,3.4759034609307404,3.4759034609307404,58,3.3553009382455423,2018-12
US,588,3.755562858380146,3.6752205362900274,3.7340325684425455,3.433739532637836,3.433739532637836,59,3.07795941344291,2019-01
US,589,3.75822350781827,3.644223812744015,3.712282613504302,3.51246681489612,3.51246681489612,60,3.017132001976819,2019-02
US,590,3.6658086854567618,3.5529862841853657,3.8036487398018326,3.6817429238040544,3.6817429238040544,61,3.4680713023396814,2019-03
US,591,3.4857824375224444,3.5657083889165477,3.7642438741343005,3.7614872949176537,3.7614872949176537,62,3.6270765795673787,2019-04
US,592,3.4852261996216383,3.561537161335924,3.761370761749815,3.730196226652805,3.730196226652805,63,3.046765097826065,2019-05
US,593,3.2197382110280337,3.5772028878358477,3.6928442427785884,3.873485005560484,3.873485005560484,64,3.581847480084299,2019-06
US,594,3.11967551755854,3.5857537504738812,3.7030453220999338,3.837157234516253,3.837157234516253,65,3.4419458354743915,2019-07
US,595,2.947949422495344,3.5953123817796437,3.762329456075636,3.7383323301658056,3.7383323301658056,66,3.3815817073683307,2019-08
US,596,2.718716487835282,3.622607524253101,3.740038693576058,3.825734839036743,3.825734839036743,67,3.588655745440894,2019-09
US,597,2.6697143540098,3.672327702813065,3.761251856910033,3.735571618086464,3.735571618086464,68,3.265107274050183,2019-10
US,598,2.44774714950613,3.655123010111582,3.8264668438448255,3.658077340971944,3.658077340971944,69,3.443940642243848,2019-11
US,599,2.276202607567357,3.6621884131099898,3.8000001778013677,3.6864061080922994,3.6864061080922994,70,3.373093778541092,2019-12
US,600,2.052245985347434,3.6646086981792987,3.7692012343760513,3.755562858380146,3.755562858380146,71,3.374936992650701,2020-01
US,601,1.9567888109244704,3.6758559707393923,3.74107855221865,3.75822350781827,3.75822350781827,72,3.1346554471795463,2020-02
US,602,1.825523755666092,3.773781255829455,3.8136867818242854,3.6658086854567618,3.6658086854567618,73,3.155314425311384,2020-03
US,603,1.8028135887221184,3.737139416171433,3.754033621512709,3.4857824375224444,3.4857824375224444,74,2.890384696008441,2020-04
US,604,1.8206571970975196,3.7384927745912107,3.6107016695172143,3.4852261996216383,3.4852261996216383,75,2.8383909194354073,2020-05
US,605,1.9159434387947092,3.716440584630327,3.45104573968946,3.2197382110280337,3.2197382110280337,76,2.6494802035358367,2020-06
US,606,1.906419067115084,3.530880084569377,3.383837109851712,3.11967551755854,3.11967551755854,77,2.754620402628527,2020-07
US,607,2.1218067771664684,3.3047542634943508,3.178303361756803,2.947949422495344,2.947949422495344,78,2.642442603405515,2020-08
US,608,2.433583155930119,3.245617324353603,3.177184974576736,2.718716487835282,2.718716487835282,79,2.541024307414541,2020-09
US,609,2.6998239308528404,3.2920385930472706,3.193438063993199,2.6697143540098,2.6697143540098,80,2.784728661406377,2020-10
US,610,3.048200930708433,3.133818638702892,3.209874072785358,2.44774714950613,2.44774714950613,81,2.5701992069596002,2020-11
US,611,3.331639836843703,2.9444264623221654,3.213981046250601,2.276202607567357,2.276202607567357,82,2.441272373169401,2020-12
US,612,3.764669710347568,2.59415266644492,3.209729262169309,2.052245985347434,2.052245985347434,83,2.301363140520185,2021-01
US,613,4.166642529008624,2.8818431716717887,3.225113134002692,1.9567888109244704,1.9567888109244704,84,2.449593120864413,2021-02
US,614,4.444675847586344,2.897536482968882,3.2271084575056768,1.825523755666092,1.825523755666092,85,2.506591256586077,2021-03
US,615,4.818247190751657,2.9500795899231145,3.2276535754971705,1.8028135887221184,1.8028135887221184,86,2.579911456180861,2021-04
US,616,5.215897826036819,3.0086451164810155,3.1131850445579006,1.8206571970975196,1.8206571970975196,87,2.8240797571289944,2021-05
US,617,5.776910183910089,2.7387707436237485,2.9686354546834615,1.9159434387947092,1.9159434387947092,88,2.9731084138602704,2021-06
US,618,6.3073042365317855,2.845597624317616,2.8844476777503005,1.906419067115084,1.906419067115084,89,2.802289161079208,2021-07
US,619,6.740728031797794,3.1102507573672624,3.5218709334411136,2.1218067771664684,2.1218067771664684,90,3.3703548559843366,2021-08
US,620,7.206730153307439,3.3438965257100035,3.889273543683134,2.433583155930119,2.433583155930119,91,3.9287863118289357,2021-09
US,621,7.521848044160806,3.339847383129354,3.920447441458952,2.6998239308528404,2.6998239308528404,92,4.156148233024082,2021-10
US,622,7.908023671042463,3.057433375766434,3.6918252736674986,3.048200930708433,3.048200930708433,93,4.197008858559337,2021-11
US,623,8.349371085968915,3.1978294976170685,3.7211594487979114,3.331639836843703,3.331639836843703,94,3.9315361539476346,2021-12
US,624,8.56355367211108,3.43739372095502,3.842234110096134,3.764669710347568,3.764669710347568,95,4.311288905375155,2022-01
US,625,8.762968297708461,3.706651610271127,3.5950437855580635,4.166642529008624,4.166642529008624,96,4.594370940416503,2022-02
US,626,8.814316929902532,3.8835929798163966,3.5990870222836104,4.444675847586344,4.444675847586344,97,4.099604341505048,2022-03
US,627,8.80201459701171,3.9015190424077293,3.6726740698153053,4.818247190751657,4.818247190751657,98,4.420901249897602,2022-04
US,628,8.65752254078156,3.775170938855528,3.6598308693339843,5.215897826036819,5.215897826036819,99,4.992520162173197,2022-05
US,629,8.334805545665303,3.7682935673243207,3.622881480733895,5.776910183910089,5.776910183910089,100,6.166804195108511,2022-06
US,630,8.034056061849437,3.8711913377818625,3.628261623617897,6.3073042365317855,6.3073042365317855,101,6.107466751209811,2022-07
US,631,7.759260400286116,4.0610119165856755,3.6495579186651392,6.740728031797794,6.740728031797794,102,6.600747493762937,2022-08
US,632,7.413780741378084,4.278039944141415,3.6255532286168735,7.206730153307439,7.206730153307439,103,7.859190320876497,2022-09
US,633,7.180921156664111,5.007266001854696,3.713635563450172,7.521848044160806,7.521848044160806,104,7.327929295665525,2022-10
US,634,6.868429169650936,6.236948520852722,3.945926390325767,7.908023671042463,7.908023671042463,105,7.657519297610671,2022-11
US,635,6.4714286825585,6.7071946501347615,4.09754990001864,8.349371085968915,8.349371085968915,106,7.818099433194559,2022-12
US,636,6.088749961377227,7.358018010145762,4.517200174665041,8.56355367211108,8.56355367211108,107,7.028926668823177,2023-01
US,637,5.766207071107332,7.867096351670738,5.615761920230979,8.762968297708461,8.762968297708461,108,6.884486236354093,2023-02
US,638,5.677890611081415,6.0385312019802395,6.638554125989575,8.814316929902532,8.814316929902532,109,5.171935818982298,2023-03
US,639,5.4414051223353965,5.1500379370544795,7.506831653689492,8.80201459701171,8.80201459701171,110,4.9657384085418865,2023-04
US,640,5.30492077655611,5.8838756702485595,8.367257093412626,8.65752254078156,8.65752254078156,111,4.835771941651235,2023-05
US,641,5.07459990516641,5.3740315443493705,8.455749311818938,8.334805545665303,8.334805545665303,112,4.802485646252985,2023-06
US,642,5.089078233927191,4.574396434212118,8.394455738206204,8.034056061849437,8.034056061849437,113,4.457865162299068,2023-07
US,643,4.966102916864523,5.365814611233594,8.31841094837302,7.759260400286116,7.759260400286116,114,4.918089034675588,2023-08
US,644,4.779881677285047,4.939440954481857,8.218442914982019,7.413780741378084,7.413780741378084,115,5.41590050807923,2023-09
US,645,4.597684191372631,4.299379497585224,8.122411690055726,7.180921156664111,7.180921156664111,116,5.447023936275941,2023-10
US,646,4.356982472275073,4.145346572990469,7.966351763240217,6.868429169650936,6.868429169650936,117,5.353917209649994,2023-11
US,647,4.272952660214413,4.116853591189377,7.703349558949747,6.4714286825585,6.4714286825585,118,4.759015919518306,2023-12
US,648,4.244221747055343,4.0179680044293065,7.363104618408918,6.088749961377227,6.088749961377227,119,4.071400119624746,2024-01
US,649,4.087068975936381,3.8684065559473506,3.8234859664002814,5.766207071107332,5.766207071107332,120,4.25362769387978,2024-02
US,650,3.9928326979256745,3.8877088492572187,3.814363358650255,5.677890611081415,5.677890611081415,121,4.162478458860286,2024-03
US,651,3.9794805781174114,3.9111695102851063,3.803785574385031,5.4414051223353965,5.4414051223353965,122,3.613732764508293,2024-04
US,652,3.812127188993042,3.898306464875882,3.7442001897258854,5.30492077655611,5.30492077655611,123,3.7336321247663395,2024-05
US,653,3.766295783391427,4.933469266965079,3.442995006742741,5.07459990516641,5.07459990516641,124,3.386925478415437,2024-06
US,654,3.545605204278868,3.9384950273627553,3.7355831981845773,5.089078233927191,5.089078233927191,125,4.143665306436728,2024-07
US,655,3.4953093507459343,3.7370444569752856,3.7304652904388043,4.966102916864523,4.966102916864523,126,4.312720800724135,2024-08
US,656,3.3955372669121964,2.5405763395181897,3.74685782764766,4.779881677285047,4.779881677285047,127,4.190848068109365,2024-09
US,658,2.9588586455908894,3.6169507074874723,3.778585071884961,4.356982472275073,4.356982472275073,129,3.716157262947606,2024-11
US,659,2.923267725638845,3.8958732889105088,3.776011223918991,4.272952660214413,4.272952660214413,130,3.873035075580611,2024-12
US,660,2.8432664502940685,4.505668235370966,3.740272758065424,4.244221747055343,4.244221747055343,131,3.783900915346705,2025-01
US,661,2.6832140045470965,3.8050131571001313,3.4587205662268827,4.087068975936381,4.087068975936381,132,3.3906708886111803,2025-02
US,662,2.5627724074682945,3.660427898555014,3.479533963042316,3.9928326979256745,3.9928326979256745,133,3.395663277407257,2025-03
US,663,2.788505067489533,3.668774765726049,3.5964303602083842,3.9794805781174114,3.9794805781174114,134,3.386331574128776,2025-04
US,664,2.9241545960553283,3.6677176391933295,3.671540870069418,3.812127188993042,3.812127188993042,135,2.8503798630752586,2025-05
US,665,2.8419628434815047,3.5495252505808117,3.2819987306962286,3.766295783391427,3.766295783391427,136,2.8582338076830416,2025-06
US,666,2.864366264130669,3.435591349505882,3.155497980888762,3.545605204278868,3.545605204278868,137,2.9181534899450856,2025-07
US,667,2.749776306063656,3.7355433279947357,3.530488205797954,3.4953093507459343,3.4953093507459343,138,3.64735801407281,2025-08
